{
  "project": 0.0,
  "gutenberg": 0.0,
  "ebook": 0.0,
  "republic": 228.73856958478194,
  "plato": 151.81117224637262,
  "thrasymachus": 180.9114141261457,
  "glaucon": 180.21826694558578,
  "adeimantus": 151.799232542628,
  "alice": 230.12486394590184,
  "[illustration]": 45.747713916956386,
  "rabbit": 29.424877590351784,
  "mouse": 23.53990207228143,
  "caterpillar": 19.408121055678468,
  "martians": 330.6312051270939,
  "martian": 106.74466580623158,
  "woking": 103.97207708399179,
  "pit": 77.48551098792638,
  "heat-ray": 70.70101241711441,
  "jo": 1651.0765840937897,
  "meg": 1278.856548133099,
  "amy": 1141.6134063822299,
  "laurie": 1091.7068093819137,
  "beth": 543.4273895589971,
  "soveraign": 1023.0852385064792,
  "common-wealth": 867.1271228804915,
  "onely": 856.7299151720923,
  "civill": 675.8185010459466,
  "kingdome": 592.6408393787532,
  "stephen": 1000.211381548001,
  "bloom": 614.1284019761115,
  "j": 420.0471914193268,
  "don\u2019t": 363.90226979397124,
  "dedalus": 332.71064666877373,
  "hector": 500.4522643642805,
  "thy": 437.10337519853414,
  "achilles": 391.35087195167876,
  "o'er": 356.0410188432566,
  "jove": 330.53945826495175,
  "bennet": 578.0847485869944,
  "bingley": 494.9070869198009,
  "darcy": 474.11267150300256,
  "elizabeth": 402.0253647247683,
  "jane": 350.7324733633323
}